{
  "北海道 札幌市中央区 札幌市円山動物園": [
    43.0487514,
    141.306127
  ],
  "北海道 旭川市 旭川市旭山動物園": [
    43.7686424,
    142.4792729
  ],
  "北海道 帯広市 おびひろ動物園": [
    42.9015173,
    143.1841989
  ],
  "北海道 釧路市 釧路市動物園": [
    43.0826092,
    144.234497
  ],
  "秋田県 秋田市 秋田市大森山動物園": [
    39.6711888,
    140.0754095
  ],
  "岩手県 盛岡市 盛岡市動物公園": [
    39.6854618,
    141.1587481
  ],
  "岩手県 一関市 岩手サファリパーク": [
    38.810509,
    141.2594353
  ],
  "宮城県 仙台市太白区 仙台市八木山動物公園": [
    38.2457859,
    140.8460443
  ],
  "栃木県 宇都宮市 宇都宮動物園": [
    36.6324485,
    139.8544994
  ],
  "栃木県 那須郡那須町 那須どうぶつ王国": [
    37.1320456,
    140.0404064
  ],
  "栃木県 那須郡那須町 那須サファリパーク": [
    37.0587204,
    140.0041526
  ],
  "群馬県 桐生市 桐生が岡動物園": [
    36.4206189,
    139.3397621
  ],
  "群馬県 富岡市 群馬サファリパーク": [
    36.2258133,
    138.8850624
  ],
  "茨城県 日立市 日立市かみね動物園": [
    36.6075355,
    140.6591958
  ],
  "埼玉県 さいたま市大宮区 埼玉県大宮公園小動物園": [
    35.9184862,
    139.6324525
  ],
  "埼玉県 さいたま市緑区 さいたま市大崎公園子供動物園": [
    35.8842538,
    139.7149353
  ],
  "埼玉県 東松山市 埼玉県こども動物自然公園": [
    35.9949528,
    139.3745402
  ],
  "埼玉県 南埼玉郡宮代町 東武動物公園": [
    36.0248138,
    139.7267541
  ],
  "東京都 台東区 東京都恩賜上野動物園": [
    35.7153426,
    139.768896
  ],
  "東京都 日野市 東京都多摩動物公園": [
    35.6507492,
    139.4008953
  ],
  "東京都 武蔵野市 東京都井の頭自然文化園": [
    35.700695,
    139.5711865
  ],
  "東京都 大島町 東京都立大島公園": [
    34.9282764,
    135.78785
  ],
  "東京都 羽村市 羽村市動物公園": [
    35.7670429,
    139.3292103
  ],
  "東京都 江戸川区 江戸川区自然動物園": [
    35.6709887,
    139.8584584
  ],
  "東京都 足立区 足立区生物園": [
    35.7923576,
    139.8071899
  ],
  "東京都 町田市 町田リス園": [
    35.5779748,
    139.4499801
  ],
  "千葉県 千葉市若葉区 千葉市動物公園": [
    35.6451462,
    140.1271319
  ],
  "千葉県 市川市 市川市動植物園": [
    35.7646678,
    139.9651005
  ],
  "千葉県 市原市 市原ぞうの国": [
    35.3552433,
    140.1821993
  ],
  "神奈川県 川崎市幸区 川崎市夢見ヶ崎動物公園": [
    35.549562,
    139.664968
  ],
  "神奈川県 横浜市西区 横浜市立野毛山動物園": [
    35.4475396,
    139.6226411
  ],
  "神奈川県 横浜市金沢区 横浜市立金沢動物園": [
    35.3498455,
    139.5974859
  ],
  "神奈川県 横浜市旭区 横浜市立よこはま動物園": [
    35.494425,
    139.525295
  ],
  "山梨県 甲府市 甲府市遊亀公園附属動物園": [
    35.6507571,
    138.5719505
  ],
  "富山県 富山市 富山市ファミリーパーク": [
    36.6935641,
    137.1489729
  ],
  "富山県 高岡市 高岡古城公園動物園": [
    36.747315,
    137.022171
  ],
  "石川県 能美市 いしかわ動物園": [
    36.4333095,
    136.5461797
  ],
  "福井県 鯖江市 鯖江市西山動物園": [
    35.9506507,
    136.1808967
  ],
  "長野県 小諸市 小諸市動物園": [
    36.3259209,
    138.4182463
  ],
  "長野県 須坂市 須坂市動物園": [
    36.6424127,
    138.3111157
  ],
  "長野県 長野市 長野市茶臼山動物園": [
    36.585334,
    138.1152468
  ],
  "長野県 飯田市 飯田市立動物園": [
    35.5139319,
    137.8239585
  ],
  "静岡県 三島市 三島市立公園楽寿園": [
    35.1249101,
    138.9109949
  ],
  "静岡県 裾野市 富士自然動物公園": [
    33.8727691,
    130.8476191
  ],
  "静岡県 賀茂郡東伊豆町 伊豆アニマルキングダム": [
    34.7947745,
    139.0383976
  ],
  "静岡県 伊東市 伊豆シャボテン動物公園": [
    34.9070475,
    139.1011782
  ],
  "静岡県 賀茂郡東伊豆町 熱川バナナワニ園": [
    34.8164143,
    139.0679944
  ],
  "静岡県 静岡市駿河区 静岡市立日本平動物園": [
    34.9798167,
    138.4405094
  ],
  "静岡県 浜松市西区 浜松市動物園": [
    34.7396442,
    137.6848486
  ],
  "愛知県 名古屋市千種区 名古屋市東山動物園": [
    35.1595841,
    136.9728933
  ],
  "愛知県 豊田市 豊田市鞍ケ池公園": [
    35.099839,
    137.2200683
  ],
  "愛知県 岡崎市 岡崎市東公園動物園": [
    34.766459,
    137.42959
  ],
  "京都府 京都市左京区 京都市動物園": [
    35.0130343,
    135.7863061
  ],
  "大阪府 池田市 五月山動物園": [
    34.830365,
    135.426022
  ],
  "兵庫県 神戸市灘区 神戸市立王子動物園": [
    34.7107336,
    135.2142319
  ],
  "兵庫県 神戸市中央区 神戸どうぶつ王国": [
    34.6541912,
    135.2231727
  ],
  "兵庫県 姫路市 姫路市立動物園": [
    34.8371161,
    134.6953963
  ],
  "兵庫県 姫路市豊富町 姫路セントラルパーク": [
    34.869976,
    134.7522321
  ],
  "兵庫県 南あわじ市 淡路ファームパークイングランドの丘動物園": [
    34.306857,
    134.801611
  ],
  "和歌山県 和歌山市 和歌山城公園動物園": [
    34.2269429,
    135.1730082
  ],
  "和歌山県 西牟婁郡白浜町 アドベンチャーワールド": [
    33.6658997,
    135.3724345
  ],
  "岡山県 岡山市北区 池田動物園": [
    34.6748239,
    133.9062361
  ],
  "広島県 広島市安佐北区 広島市安佐動物公園": [
    34.498117,
    132.4406605
  ],
  "広島県 福山市芦田町 福山市立動物園": [
    34.5236886,
    133.2792092
  ],
  "山口県 周南市 周南市徳山動物園": [
    34.0620715,
    131.815803
  ],
  "山口県 宇部市 宇部市ときわ動物園": [
    33.9454049,
    131.2837297
  ],
  "徳島県 徳島市 とくしま動物園": [
    34.0148642,
    134.5217894
  ],
  "愛媛県 伊予郡砥部町 愛媛県立とべ動物園": [
    33.7623666,
    132.7928051
  ],
  "高知県 高知市 わんぱーくこうちアニマルランド": [
    33.5418283,
    133.5576082
  ],
  "高知県 香南市野市町 高知県立のいち動物公園": [
    33.5702146,
    133.707982
  ],
  "福岡県 北九州市小倉北区 到津の森公園": [
    33.874253,
    130.846413
  ],
  "福岡県 福岡市中央区 福岡市動物園": [
    33.5732368,
    130.3898052
  ],
  "福岡県 大牟田市 大牟田市動物園": [
    33.0197161,
    130.4441588
  ],
  "福岡県 久留米市 久留米市鳥類センター": [
    33.320002,
    130.5280657
  ],
  "長崎県 西海市西彼町 長崎バイオパーク": [
    32.9881943,
    129.783301
  ],
  "大分県 宇佐市 九州自然動物公園": [
    33.3539976,
    131.4114362
  ],
  "熊本県 熊本市東区 熊本市動植物園": [
    32.7752461,
    130.7474861
  ],
  "宮崎県 宮崎市 宮崎市フェニックス自然動物園": [
    31.9822349,
    131.4791735
  ],
  "鹿児島県 鹿児島市 鹿児島市平川動物公園": [
    31.4626997,
    130.5041302
  ],
  "沖縄県 沖縄市 沖縄こどもの国": [
    26.3276961,
    127.8035022
  ]
}